Job ID,Job URL,Job Title,Company Name,Status,Timestamp,WP ID
a55f91c2eac7cd83,https://gq.linkedin.com/jobs/view/consultor-comercial-externo-jr-at-rentokil-initial-4436379084,Consultor Comercial Externo Jr.,,scraped,2026-07-07T00:27:39.494022,
ea8cb950a3439001,https://gq.linkedin.com/jobs/view/deputy-representative-programme-p-4-malabo-equatorial-guinea-%23116777-at-unicef-4436368814,"Deputy Representative Programme, P-4, Malabo, Equatorial Guinea #116777",UNICEF,failed|wp_post_failed,2026-07-07T00:27:52.332413,
93bc1bb720c772b1,https://gq.linkedin.com/jobs/view/spanish-ai-trainer-remote-at-yo-it-consulting-4435292650,Spanish Ai Trainer - Remote,,scraped,2026-07-07T00:27:54.878367,
302c2676ba4df608,https://gq.linkedin.com/jobs/view/finance-manager-at-bls-international-4431565874,Finance Manager,BLS International,failed|wp_post_failed,2026-07-07T00:28:10.246037,
1c3759d04a30ec9d,https://gq.linkedin.com/jobs/view/offshore-pipeline-coating-inspector-at-westpaq-international-4435196067,Offshore Pipeline Coating Inspector,Westpaq International,failed|wp_post_failed,2026-07-07T00:28:18.639081,
f45e151dc0b01cca,https://gq.linkedin.com/jobs/view/portuguese-language-expert-remote-at-yo-it-consulting-4431564073,Portuguese Language Expert - Remote,,scraped,2026-07-07T00:28:21.193046,
a17ec4ace7f9c890,https://gq.linkedin.com/jobs/view/offshore-pipeline-welding-inspector-at-westpaq-international-4435195210,Offshore Pipeline Welding Inspector,Westpaq International,failed|wp_post_failed,2026-07-07T00:28:33.053731,
88bb8025e27e8a80,https://gq.linkedin.com/jobs/view/spanish-and-english-speaking-virtual-administrative-officer-at-all-talentz-4436589638,Spanish and English Speaking Virtual Administrative Officer,All Talentz,failed|wp_post_failed,2026-07-07T20:41:58.479711,
3d5d72c0305ea2ab,https://gq.linkedin.com/jobs/view/expert-e-secteur-de-l%E2%80%99%C3%A9nergie-au-b%C3%A9nin-at-ntu-international-a-s-4438648600,Expert(e) Secteur de l’Énergie au Bénin,,scraped,2026-07-09T18:41:34.099971,
410e7232a1fd662c,https://gq.linkedin.com/jobs/view/chef-cheffe-d-%C3%A9quipe-expert-e-en-%C3%A9nergie-at-ntu-international-a-s-4438623340,Chef / Cheffe d'Équipe - Expert(e) en Énergie,,scraped,2026-07-09T18:41:41.441070,
b65af8cf507a9f94,https://gq.linkedin.com/jobs/view/spanish-qa-lead-remote-at-yo-it-consulting-4437339339,Spanish QA Lead - Remote,,scraped,2026-07-09T23:56:05.187098,
0896b255c5c9792d,https://gq.linkedin.com/jobs/view/juriste-sp%C3%A9cialis%C3%A9-en-cadre-l%C3%A9gal-et-r%C3%A9glementaire-du-secteur-de-l%E2%80%99%C3%A9nergie-et-des-ppp-at-ntu-international-a-s-4439082492,Juriste spécialisé en cadre légal et réglementaire du secteur de l’énergie et des PPP,,scraped,2026-07-10T18:11:32.520165,
c5c275d2b65b8497,https://gq.linkedin.com/jobs/view/facilities-services-superintendent-at-wood-4420964692,Facilities Services Superintendent,Wood,posted,2026-07-13T12:41:08.844805,36
7b93faa35ffd716a,https://gq.linkedin.com/jobs/view/expert-on-adolescent-development-and-participation-gender-at-united-nations-volunteers-4439183514,Expert on Adolescent Development and Participation & Gender,,scraped,2026-07-13T12:41:13.419948,
2ab678f17684fb5f,https://gq.linkedin.com/jobs/view/expert-r%C3%A9seaux-%C3%A9lectriques-at-ntu-international-a-s-4439791658,Expert Réseaux Électriques,,scraped,2026-07-13T12:41:25.780968,
0ac1cd6704cb2579,https://gq.linkedin.com/jobs/view/contable-at-totalenergies-4441968415,Contable,,scraped,2026-07-20T12:02:55.749390,
7356d1c65fcacc17,https://gq.linkedin.com/jobs/view/logistics-specialist-intern-at-slb-4438454782,Logistics Specialist Intern,SLB,posted,2026-07-20T12:03:06.023116,42
f7e202abd5a6821d,https://gq.linkedin.com/jobs/view/responsable-de-b%C3%BAsqueda-de-fondos-alianzas-e-introducciones-estrat%C3%A9gicas-at-viplink-club-4442183486,"Responsable de búsqueda de fondos, alianzas e introducciones estratégicas",,scraped,2026-07-20T12:03:08.601885,
7d5f3cb0441e1da0,https://gq.linkedin.com/jobs/view/expert-senior-ppp-participation-du-secteur-priv%C3%A9-at-ntu-international-a-s-4438470368,Expert Senior PPP / Participation du Secteur Privé,,scraped,2026-07-20T12:03:17.500900,
2f7a44eaaf01513c,https://gq.linkedin.com/jobs/view/french-translator-overseas-based-in-guinea-at-ccjk-technologies-348467383,French Translator (Overseas Based in Guinea),,scraped,2026-07-20T12:03:25.187339,
dd2d6bc780fa6f55,https://gq.linkedin.com/jobs/view/offshore-control-room-operator-at-wood-4441605190,Offshore Control Room Operator,Wood,posted,2026-07-20T12:03:38.585216,44
f27b09c1fc454078,https://gq.linkedin.com/jobs/view/ballast-control-operator-at-wood-4440579348,Ballast Control Operator,Wood,posted,2026-07-20T12:03:46.403109,40
42a9a83b309b86e0,https://gq.linkedin.com/jobs/view/junior-non-key-experts-in-the-digital-connectivity-study-for-agriculture-and-education-prida-ii-at-ntu-international-a-s-4442702408,Junior Non Key Experts in the Digital Connectivity Study for Agriculture and Education (PRIDA II),,scraped,2026-07-20T12:03:48.999630,
29c3698ab35fb047,https://gq.linkedin.com/jobs/view/expert-senior-en-r%C3%A9formes-institutionnelles-at-ntu-international-a-s-4440909872,Expert Senior en Réformes Institutionnelles,,scraped,2026-07-20T12:03:56.351512,
27ba1575c393c22a,https://gq.linkedin.com/jobs/view/national-instrumentation-technician-at-wood-4405697278,National Instrumentation Technician,Wood,posted,2026-07-20T12:04:09.321758,48
7c0a83b6246475cb,https://gq.linkedin.com/jobs/view/onsite-it-support-intern-at-slb-4440191739,Onsite IT Support Intern,SLB,posted,2026-07-27T13:30:19.750909,60
5b6dfa3a75107fd9,https://gq.linkedin.com/jobs/view/accountant-at-odixcity-consulting-4445388096,Accountant,Odixcity Consulting,posted,2026-07-27T13:30:24.893459,98
57f5f44a2985f633,https://gq.linkedin.com/jobs/view/illustrator-at-odixcity-consulting-4444796194,Illustrator,Odixcity Consulting,posted,2026-07-27T13:30:33.491904,104
625a8a6d434d1388,https://gq.linkedin.com/jobs/view/it-infrastructure-manager-at-odixcity-consulting-4442741200,IT Infrastructure Manager,Odixcity Consulting,posted,2026-07-27T13:30:38.206654,50
32e9f7b57647b483,https://gq.linkedin.com/jobs/view/story-teller-at-odixcity-consulting-4445295426,Story teller,Odixcity Consulting,posted,2026-07-27T13:30:43.197067,76
f7765813e0a0ebba,https://gq.linkedin.com/jobs/view/operations-coordinator-at-expro-4441541717,Operations Coordinator,Expro,posted,2026-07-27T13:30:52.697760,106
48997215ff94444d,https://gq.linkedin.com/jobs/view/legal-assistant-at-odixcity-consulting-4445394084,Legal Assistant,Odixcity Consulting,posted,2026-07-27T13:30:57.464342,100
4f7975f76747e77d,https://gq.linkedin.com/jobs/view/data-set-curator-at-odixcity-consulting-4443086730,Data Set Curator,Odixcity Consulting,posted,2026-07-27T13:31:02.252778,58
f5fe9685dee6b0df,https://gq.linkedin.com/jobs/view/content-moderator-trust-and-safety-specialist-at-odixcity-consulting-4443082862,Content Moderator (Trust and Safety Specialist),Odixcity Consulting,posted,2026-07-27T13:31:06.929533,64
92eeab66b3fd0b62,https://gq.linkedin.com/jobs/view/risk-analyst-at-odixcity-consulting-4443090671,Risk Analyst,Odixcity Consulting,posted,2026-07-27T13:31:11.623059,62
c8dec05a50f65256,https://gq.linkedin.com/jobs/view/fitter-at-wood-4444468240,Fitter,Wood,posted,2026-07-27T13:31:24.801199,108
9c3140e47cca7a5e,https://gq.linkedin.com/jobs/view/mecanico-at-totalenergies-4445200526,Mecanico,,scraped,2026-07-27T13:31:27.286887,
77b5070836054715,https://gq.linkedin.com/jobs/view/expert-senior-r%C3%A9duction-des-pertes-techniques-et-commerciales-at-ntu-international-a-s-4444422697,Expert Senior Réduction des Pertes Techniques et Commerciales,,scraped,2026-07-27T13:31:34.846578,
537b18495f3f81b3,https://gq.linkedin.com/jobs/view/expert-senior-cuisson-propre-clean-cooking-at-ntu-international-a-s-4443934946,Expert Senior Cuisson Propre (Clean Cooking),,scraped,2026-07-27T13:31:42.097438,
b1fdb2fa612b49c6,https://gq.linkedin.com/jobs/view/expert-senior-%C3%A9nergie-bois-biomasse-at-ntu-international-a-s-4443911712,Expert Senior Énergie Bois / Biomasse,,scraped,2026-07-27T13:31:48.946421,
04bf583cfc333818,https://gq.linkedin.com/jobs/view/expert-senior-en-efficacit%C3%A9-%C3%A9nerg%C3%A9tique-at-ntu-international-a-s-4443379006,Expert Senior en Efficacité Énergétique,,scraped,2026-07-27T13:31:55.918724,
7a67ced10932ffa3,https://gq.linkedin.com/jobs/view/expert-senior-financement-de-l%E2%80%99acc%C3%A8s-%C3%A0-l%E2%80%99%C3%A9lectricit%C3%A9-at-ntu-international-a-s-4443319664,Expert Senior Financement de l’Accès à l’Électricité,,scraped,2026-07-27T13:32:02.868355,
b200ce4d81582b56,https://gq.linkedin.com/jobs/view/expert-senior-finance-verte-at-ntu-international-a-s-4444463640,Expert Senior Finance Verte,,scraped,2026-07-27T13:32:09.739557,
8181ca97df884dcc,https://gq.linkedin.com/jobs/view/vale%C4%8Dovsk%C3%A9-l%C3%A9to-31-7-2026-kiss-forever-rmc-rev-whitesnake-rev-vale%C4%8Dov-amfite%C3%A1tr-at-fajn-rock-tv-rockpar%C3%A1da-r%C3%A1dio-fajn-rock-po%C5%99ad-rock-music-4442351840,"VALEČOVSKÉ LÉTO 31.7.2026 - KISS FOREVER, RMC REV., WHITESNAKE REV. - VALEČOV AMFITEÁTR",,scraped,2026-07-27T13:32:16.793177,
